"Node_Tree_1"	"Node_Tree_2"	"Support_Tree_1"	"Support_Tree_2"
244	244	""	""
245	245	"100"	"100"
246	246	"100"	"100"
247	247	"100"	"100"
248	248	"100"	"100"
249	249	"100"	"100"
250	459	"100"	"100"
251	461	"100"	"100"
252	462	"100"	"100"
253	460	"100"	"100"
254	250	"100"	"100"
255	251	"100"	"100"
256	252	"100"	"100"
257	253	"100"	"100"
258	254	"100"	"100"
259	255	"100"	"100"
260	256	"97"	"97"
261	264	"100"	"100"
262	265	"41"	"40"
263	266	"92"	"86"
264	267	"79"	"85"
265	268	"100"	"100"
266	269	"100"	"100"
269	262	"100"	"100"
270	263	"100"	"100"
271	259	"100"	"100"
272	260	"100"	"89"
273	261	"100"	"100"
274	270	"97"	"97"
275	271	"97"	"98"
276	272	"100"	"100"
277	273	"100"	"100"
278	274	"100"	"100"
279	322	"100"	"100"
280	327	"100"	"100"
281	323	"100"	"100"
282	324	"100"	"99"
283	325	"100"	"100"
285	275	"100"	"100"
286	308	"100"	"100"
287	312	"100"	"98"
288	313	"100"	"98"
289	314	"100"	"98"
290	316	"100"	"100"
291	317	"49"	"73"
292	318	"100"	"100"
293	319	"100"	"85"
294	315	"99"	"98"
295	320	"100"	"100"
296	321	"100"	"100"
297	309	"100"	"98"
298	310	"100"	"100"
299	311	"100"	"100"
300	276	"100"	"100"
301	277	"100"	"100"
302	278	"62"	"67"
303	280	"100"	"100"
304	290	"61"	"52"
305	291	"100"	"100"
306	292	"100"	"100"
307	281	"100"	"100"
308	282	"100"	"100"
309	283	"100"	"100"
310	284	"100"	"100"
311	285	"100"	"100"
312	286	"100"	"100"
313	287	"100"	"100"
314	288	"100"	"100"
315	289	"100"	"100"
316	279	"100"	"100"
317	293	"100"	"100"
318	294	"100"	"100"
319	295	"100"	"100"
320	296	"100"	"100"
321	297	"100"	"100"
322	298	"100"	"100"
323	299	"100"	"100"
324	300	"100"	"100"
325	301	"100"	"100"
326	303	"100"	"100"
327	304	"100"	"100"
328	302	"100"	"100"
329	305	"100"	"100"
330	306	"100"	"100"
331	307	"100"	"100"
332	328	"100"	"100"
333	330	"99"	"100"
334	329	"100"	"100"
335	331	"100"	"100"
336	332	"100"	"100"
337	333	"100"	"100"
338	334	"100"	"100"
339	335	"100"	"100"
340	336	"100"	"100"
341	337	"100"	"100"
342	338	"100"	"100"
343	339	"100"	"100"
344	340	"100"	"100"
345	341	"100"	"100"
346	342	"100"	"100"
347	343	"100"	"100"
348	344	"100"	"100"
349	345	"100"	"100"
350	346	"100"	"100"
351	347	"100"	"100"
352	358	"100"	"100"
353	359	"100"	"100"
354	360	"100"	"100"
355	348	"100"	"100"
356	353	"100"	"100"
357	354	"100"	"100"
358	355	"100"	"100"
359	356	"100"	"100"
360	357	"100"	"100"
361	349	"100"	"100"
362	350	"100"	"100"
364	352	"100"	"100"
365	361	"100"	"100"
366	362	"100"	"100"
367	363	"100"	"100"
368	365	"100"	"100"
369	364	"100"	"100"
370	366	"100"	"100"
371	367	"100"	"100"
372	368	"100"	"99"
373	369	"100"	"100"
374	370	"100"	"100"
375	371	"100"	"100"
376	372	"100"	"100"
377	379	"100"	"100"
378	380	"100"	"100"
379	381	"100"	"100"
380	382	"100"	"100"
381	383	"100"	"100"
382	384	"100"	"100"
383	373	"100"	"100"
384	377	"100"	"100"
385	378	"100"	"100"
386	374	"100"	"100"
387	375	"100"	"100"
388	376	"100"	"100"
389	385	"100"	"100"
390	386	"100"	"100"
391	387	"100"	"100"
392	388	"100"	"100"
393	389	"100"	"100"
394	403	"100"	"100"
395	404	"100"	"100"
396	405	"100"	"100"
397	421	"100"	"100"
398	422	"88"	"75"
399	423	"88"	"75"
400	424	"100"	"100"
401	406	"100"	"100"
402	409	"100"	"100"
403	410	"100"	"100"
404	411	"100"	"100"
405	412	"100"	"100"
406	413	"100"	"97"
407	414	"100"	"100"
408	415	"100"	"100"
409	416	"89"	"96"
410	417	"100"	"97"
411	418	"100"	"100"
412	419	"100"	"100"
413	420	"100"	"100"
414	407	"100"	"100"
415	408	"100"	"100"
416	425	"100"	"100"
417	426	"100"	"100"
418	427	"100"	"100"
419	430	"100"	"100"
420	428	"100"	"100"
421	429	"100"	"100"
422	390	"100"	"100"
423	396	"100"	"100"
424	402	"100"	"100"
425	397	"100"	"100"
426	398	"100"	"100"
427	399	"100"	"100"
428	400	"100"	"100"
429	401	"100"	"100"
430	391	"100"	"100"
431	392	"100"	"79"
432	394	"100"	"100"
433	393	"100"	"100"
434	395	"98"	"81"
435	431	"100"	"100"
436	454	"100"	"100"
437	455	"100"	"100"
438	432	"100"	"100"
439	433	"100"	"100"
440	434	"100"	"100"
441	435	"100"	"100"
442	439	"85"	"83"
443	440	"99"	"88"
444	441	"100"	"100"
445	442	"100"	"100"
446	443	"100"	"100"
447	444	"100"	"100"
448	445	"100"	"99"
449	446	"100"	"100"
450	447	"100"	"100"
451	448	"100"	"100"
452	449	"100"	"100"
453	450	"73"	"45"
454	436	"100"	"100"
455	437	"100"	"100"
456	438	"100"	"100"
457	451	"100"	"100"
458	452	"100"	"100"
459	453	"100"	"100"
460	456	"100"	"100"
461	457	"100"	"100"
462	458	"100"	"100"
463	463	"100"	"100"
464	464	"100"	"100"
465	465	"100"	"100"
466	466	"100"	"100"
467	467	"100"	"100"
468	468	"100"	"100"
469	469	"100"	"100"
470	470	"100"	"100"
471	471	"100"	"100"
472	472	"100"	"100"
473	473	"100"	"100"
474	474	"100"	"100"
475	475	"100"	"100"
476	476	"100"	"100"
477	477	"100"	"100"
478	479	"100"	"100"
479	478	"100"	"100"
480	480	"100"	"100"
481	481	"100"	"100"
482	482	"100"	"100"
483	484	"100"	"100"
484	483	"99"	"100"
